Workbook

Sheet YUCATAN
A1: REPORTE DE VENTAS
A2: LA CHAPARRITA
A4: PRODUCTO | B4: ENERO | C4: FEBRERO | D4: MARZO | E4: TOTAL
A5: CHOCOLATE | B5: 1000 | C5: 20 | D5: 30 | E5: =SUM(B5:D5) -> 1050
A6: CACAHUATE | B6: 10 | C6: 20 | D6: 30 | E6: =SUM(B6:D6) -> 60
A7: FRESAS | B7: 10 | C7: 20 | D7: 30 | E7: =SUM(B7:D7) -> 60
A8: CHAMOYADA | B8: 10 | C8: 20 | D8: 30 | E8: =SUM(B8:D8) -> 60
A9: MALANGAS | B9: 10 | C9: 20 | D9: 30 | E9: =SUM(B9:D9) -> 60
A10: GOMITAS | B10: 10 | C10: 20 | D10: 30 | E10: =SUM(B10:D10) -> 60
A11: TOTAL | B11: =SUM(B5:B10) -> 1050 | C11: =SUM(C5:C10) -> 120 | D11: =SUM(D5:D10) -> 180 | E11: =SUM(B11:D11) -> 1350

Sheet CAMPECHE
A1: REPORTE DE VENTAS
A2: LA CHAPARRITA
A4: PRODUCTO | B4: ENERO | C4: FEBRERO | D4: MARZO | E4: TOTAL
A5: CHOCOLATE | B5: 40 | C5: 50 | D5: 60 | E5: =SUM(B5:D5) -> 150
A6: CACAHUATE | B6: 40 | C6: 50 | D6: 60 | E6: =SUM(B6:D6) -> 150
A7: FRESAS | B7: 40 | C7: 50 | D7: 60 | E7: =SUM(B7:D7) -> 150
A8: CHAMOYADA | B8: 40 | C8: 50 | D8: 60 | E8: =SUM(B8:D8) -> 150
A9: MALANGAS | B9: 40 | C9: 50 | D9: 60 | E9: =SUM(B9:D9) -> 150
A10: GOMITAS | B10: 40 | C10: 50 | D10: 60 | E10: =SUM(B10:D10) -> 150
A11: TOTAL | B11: =SUM(B5:B10) -> 240 | C11: =SUM(C5:C10) -> 300 | D11: =SUM(D5:D10) -> 360 | E11: =SUM(B11:D11) -> 900

Sheet QROO
A1: REPORTE DE VENTAS
A2: LA CHAPARRITA
A4: PRODUCTO | B4: ENERO | C4: FEBRERO | D4: MARZO | E4: TOTAL
A5: CHOCOLATE | B5: 70 | C5: 80 | D5: 90 | E5: =SUM(B5:D5) -> 240
A6: CACAHUATE | B6: 70 | C6: 80 | D6: 90 | E6: =SUM(B6:D6) -> 240
A7: FRESAS | B7: 70 | C7: 80 | D7: 90 | E7: =SUM(B7:D7) -> 240
A8: CHAMOYADA | B8: 70 | C8: 80 | D8: 90 | E8: =SUM(B8:D8) -> 240
A9: MALANGAS | B9: 70 | C9: 80 | D9: 90 | E9: =SUM(B9:D9) -> 240
A10: GOMITAS | B10: 70 | C10: 80 | D10: 90 | E10: =SUM(B10:D10) -> 240
A11: TOTAL | B11: =SUM(B5:B10) -> 420 | C11: =SUM(C5:C10) -> 480 | D11: =SUM(D5:D10) -> 540 | E11: =SUM(B11:D11) -> 1440

Sheet CONCENTRADO
A1: REPORTE DE VENTAS POR ZONA
A2: LA CHAPARRITA
A4: PRODUCTO | B4: TOTAL
A5: CHOCOLATE | B5: =YUCATAN!E5+CAMPECHE!E5+QROO!E5 -> 1440
A6: CACAHUATE | B6: =YUCATAN!E6+CAMPECHE!E6+QROO!E6 -> 450
A7: FRESAS | B7: =YUCATAN!E7+CAMPECHE!E7+QROO!E7 -> 450
A8: CHAMOYADA | B8: =YUCATAN!E8+CAMPECHE!E8+QROO!E8 -> 450
A9: MALANGAS | B9: =YUCATAN!E9+CAMPECHE!E9+QROO!E9 -> 450
A10: GOMITAS | B10: =YUCATAN!E10+CAMPECHE!E10+QROO!E10 -> 450
A11: TOTAL | B11: =YUCATAN!E11+CAMPECHE!E11+QROO!E11 -> 3690
A13: PRODUCTO | B13: ENERO | C13: FEBRERO | D13: MARZO | E13: TOTAL
A14: CHOCOLATE | B14: =YUCATAN!B5+CAMPECHE!B5+QROO!B5 -> 1110 | C14: =YUCATAN!C5+CAMPECHE!C5+QROO!C5 -> 150 | D14: =YUCATAN!D5+CAMPECHE!D5+QROO!D5 -> 180 | E14: =SUM(B14:D14) -> 1440
A15: CACAHUATE | B15: =YUCATAN!B6+CAMPECHE!B6+QROO!B6 -> 120 | C15: =YUCATAN!C6+CAMPECHE!C6+QROO!C6 -> 150 | D15: =YUCATAN!D6+CAMPECHE!D6+QROO!D6 -> 180 | E15: =SUM(B15:D15) -> 450
A16: FRESAS | B16: =YUCATAN!B7+CAMPECHE!B7+QROO!B7 -> 120 | C16: =YUCATAN!C7+CAMPECHE!C7+QROO!C7 -> 150 | D16: =YUCATAN!D7+CAMPECHE!D7+QROO!D7 -> 180 | E16: =SUM(B16:D16) -> 450
A17: CHAMOYADA | B17: =YUCATAN!B8+CAMPECHE!B8+QROO!B8 -> 120 | C17: =YUCATAN!C8+CAMPECHE!C8+QROO!C8 -> 150 | D17: =YUCATAN!D8+CAMPECHE!D8+QROO!D8 -> 180 | E17: =SUM(B17:D17) -> 450
A18: MALANGAS | B18: =YUCATAN!B9+CAMPECHE!B9+QROO!B9 -> 120 | C18: =YUCATAN!C9+CAMPECHE!C9+QROO!C9 -> 150 | D18: =YUCATAN!D9+CAMPECHE!D9+QROO!D9 -> 180 | E18: =SUM(B18:D18) -> 450
A19: GOMITAS | B19: =YUCATAN!B10+CAMPECHE!B10+QROO!B10 -> 120 | C19: =YUCATAN!C10+CAMPECHE!C10+QROO!C10 -> 150 | D19: =YUCATAN!D10+CAMPECHE!D10+QROO!D10 -> 180 | E19: =SUM(B19:D19) -> 450
A20: TOTAL | B20: =SUM(B14:B19) -> 1710 | C20: =SUM(C14:C19) -> 900 | D20: =SUM(D14:D19) -> 1080 | E20: =SUM(B20:D20) -> 3690
A22: PRODUCTO | B22: TOTAL
A23: CHOCOLATE | B23: =SUM(YUCATAN:QROO!E5) -> 1440
A24: CACAHUATE | B24: =SUM(YUCATAN:QROO!E6) -> 450
A25: FRESAS | B25: =SUM(YUCATAN:QROO!E7) -> 450
A26: CHAMOYADA | B26: =SUM(YUCATAN:QROO!E8) -> 450
A27: MALANGAS | B27: =SUM(YUCATAN:QROO!E9) -> 450
A28: GOMITAS | B28: =SUM(YUCATAN:QROO!E10) -> 450
A29: TOTAL | B29: =SUM(YUCATAN:QROO!E11) -> 3690

Sheet SUBTOTALES
A4: PRODUCTO | C4: ENERO | D4: FEBRERO | E4: MARZO | F4: TOTAL
A5: CHOCOLATE | C5: 1110 | D5: 150 | E5: 180 | F5: 1440
A6: CACAHUATE | C6: 120 | D6: 150 | E6: 180 | F6: 450
A7: FRESAS | C7: 120 | D7: 150 | E7: 180 | F7: 450
A8: CHAMOYADA | C8: 120 | D8: 150 | E8: 180 | F8: 450
A9: MALANGAS | C9: 120 | D9: 150 | E9: 180 | F9: 450
A10: GOMITAS | C10: 120 | D10: 150 | E10: 180 | F10: 450
A11: TOTAL | C11: 1710 | D11: 900 | E11: 1080 | F11: 3690
C14: ENERO | D14: FEBRERO | E14: MARZO | F14: TOTAL
B15: Zona1 | C15: =CAMPECHE!$B$5 -> 40 | D15: =CAMPECHE!$C$5 -> 50 | E15: =CAMPECHE!$D$5 -> 60 | F15: =CAMPECHE!$E$5 -> 150
B16: Zona1 | C16: =QROO!$B$5 -> 70 | D16: =QROO!$C$5 -> 80 | E16: =QROO!$D$5 -> 90 | F16: =QROO!$E$5 -> 240
B17: Zona1 | C17: =YUCATAN!$B$5 -> 1000 | D17: =YUCATAN!$C$5 -> 20 | E17: =YUCATAN!$D$5 -> 30 | F17: =YUCATAN!$E$5 -> 1050
A18: CHOCOLATE | C18: =SUM(C15:C17) -> 1110 | D18: =SUM(D15:D17) -> 150 | E18: =SUM(E15:E17) -> 180 | F18: =SUM(F15:F17) -> 1440
B19: Zona1 | C19: =CAMPECHE!$B$6 -> 40 | D19: =CAMPECHE!$C$6 -> 50 | E19: =CAMPECHE!$D$6 -> 60 | F19: =CAMPECHE!$E$6 -> 150
B20: Zona1 | C20: =QROO!$B$6 -> 70 | D20: =QROO!$C$6 -> 80 | E20: =QROO!$D$6 -> 90 | F20: =QROO!$E$6 -> 240
B21: Zona1 | C21: =YUCATAN!$B$6 -> 10 | D21: =YUCATAN!$C$6 -> 20 | E21: =YUCATAN!$D$6 -> 30 | F21: =YUCATAN!$E$6 -> 60
A22: CACAHUATE | C22: =SUM(C19:C21) -> 120 | D22: =SUM(D19:D21) -> 150 | E22: =SUM(E19:E21) -> 180 | F22: =SUM(F19:F21) -> 450
B23: Zona1 | C23: =CAMPECHE!$B$7 -> 40 | D23: =CAMPECHE!$C$7 -> 50 | E23: =CAMPECHE!$D$7 -> 60 | F23: =CAMPECHE!$E$7 -> 150
B24: Zona1 | C24: =QROO!$B$7 -> 70 | D24: =QROO!$C$7 -> 80 | E24: =QROO!$D$7 -> 90 | F24: =QROO!$E$7 -> 240
B25: Zona1 | C25: =YUCATAN!$B$7 -> 10 | D25: =YUCATAN!$C$7 -> 20 | E25: =YUCATAN!$D$7 -> 30 | F25: =YUCATAN!$E$7 -> 60
A26: FRESAS | C26: =SUM(C23:C25) -> 120 | D26: =SUM(D23:D25) -> 150 | E26: =SUM(E23:E25) -> 180 | F26: =SUM(F23:F25) -> 450
B27: Zona1 | C27: =CAMPECHE!$B$8 -> 40 | D27: =CAMPECHE!$C$8 -> 50 | E27: =CAMPECHE!$D$8 -> 60 | F27: =CAMPECHE!$E$8 -> 150
B28: Zona1 | C28: =QROO!$B$8 -> 70 | D28: =QROO!$C$8 -> 80 | E28: =QROO!$D$8 -> 90 | F28: =QROO!$E$8 -> 240
B29: Zona1 | C29: =YUCATAN!$B$8 -> 10 | D29: =YUCATAN!$C$8 -> 20 | E29: =YUCATAN!$D$8 -> 30 | F29: =YUCATAN!$E$8 -> 60
A30: CHAMOYADA | C30: =SUM(C27:C29) -> 120 | D30: =SUM(D27:D29) -> 150 | E30: =SUM(E27:E29) -> 180 | F30: =SUM(F27:F29) -> 450
B31: Zona1 | C31: =CAMPECHE!$B$9 -> 40 | D31: =CAMPECHE!$C$9 -> 50 | E31: =CAMPECHE!$D$9 -> 60 | F31: =CAMPECHE!$E$9 -> 150
B32: Zona1 | C32: =QROO!$B$9 -> 70 | D32: =QROO!$C$9 -> 80 | E32: =QROO!$D$9 -> 90 | F32: =QROO!$E$9 -> 240
B33: Zona1 | C33: =YUCATAN!$B$9 -> 10 | D33: =YUCATAN!$C$9 -> 20 | E33: =YUCATAN!$D$9 -> 30 | F33: =YUCATAN!$E$9 -> 60
A34: MALANGAS | C34: =SUM(C31:C33) -> 120 | D34: =SUM(D31:D33) -> 150 | E34: =SUM(E31:E33) -> 180 | F34: =SUM(F31:F33) -> 450
B35: Zona1 | C35: =CAMPECHE!$B$10 -> 40 | D35: =CAMPECHE!$C$10 -> 50 | E35: =CAMPECHE!$D$10 -> 60 | F35: =CAMPECHE!$E$10 -> 150
B36: Zona1 | C36: =QROO!$B$10 -> 70 | D36: =QROO!$C$10 -> 80 | E36: =QROO!$D$10 -> 90 | F36: =QROO!$E$10 -> 240
B37: Zona1 | C37: =YUCATAN!$B$10 -> 10 | D37: =YUCATAN!$C$10 -> 20 | E37: =YUCATAN!$D$10 -> 30 | F37: =YUCATAN!$E$10 -> 60
A38: GOMITAS | C38: =SUM(C35:C37) -> 120 | D38: =SUM(D35:D37) -> 150 | E38: =SUM(E35:E37) -> 180 | F38: =SUM(F35:F37) -> 450
B39: Zona1 | C39: =CAMPECHE!$B$11 -> 240 | D39: =CAMPECHE!$C$11 -> 300 | E39: =CAMPECHE!$D$11 -> 360 | F39: =CAMPECHE!$E$11 -> 900
B40: Zona1 | C40: =QROO!$B$11 -> 420 | D40: =QROO!$C$11 -> 480 | E40: =QROO!$D$11 -> 540 | F40: =QROO!$E$11 -> 1440
B41: Zona1 | C41: =YUCATAN!$B$11 -> 1050 | D41: =YUCATAN!$C$11 -> 120 | E41: =YUCATAN!$D$11 -> 180 | F41: =YUCATAN!$E$11 -> 1350
A42: TOTAL | C42: =SUM(C39:C41) -> 1710 | D42: =SUM(D39:D41) -> 900 | E42: =SUM(E39:E41) -> 1080 | F42: =SUM(F39:F41) -> 3690
